-- phpMyAdmin SQL Dump
-- version 4.7.4
-- https://www.phpmyadmin.net/
--
-- Anamakine: localhost
-- Üretim Zamanı: 31 May 2019, 14:39:58
-- Sunucu sürümü: 5.7.19
-- PHP Sürümü: 5.6.31

SET SQL_MODE = "NO_AUTO_VALUE_ON_ZERO";
SET AUTOCOMMIT = 0;
START TRANSACTION;
SET time_zone = "+00:00";


/*!40101 SET @OLD_CHARACTER_SET_CLIENT=@@CHARACTER_SET_CLIENT */;
/*!40101 SET @OLD_CHARACTER_SET_RESULTS=@@CHARACTER_SET_RESULTS */;
/*!40101 SET @OLD_COLLATION_CONNECTION=@@COLLATION_CONNECTION */;
/*!40101 SET NAMES utf8mb4 */;

--
-- Veritabanı: `mobile_packet`
--

-- --------------------------------------------------------

--
-- Tablo için tablo yapısı `dakika`
--

DROP TABLE IF EXISTS `dakika`;
CREATE TABLE IF NOT EXISTS `dakika` (
  `d_id` int(11) NOT NULL AUTO_INCREMENT,
  `d_detail` int(11) NOT NULL,
  `d_price` int(11) NOT NULL,
  PRIMARY KEY (`d_id`)
) ENGINE=InnoDB AUTO_INCREMENT=102 DEFAULT CHARSET=utf8 COLLATE=utf8_turkish_ci;

--
-- Tablo döküm verisi `dakika`
--

INSERT INTO `dakika` (`d_id`, `d_detail`, `d_price`) VALUES
(1, 0, 0),
(2, 50, 2),
(3, 100, 4),
(4, 150, 6),
(5, 200, 8),
(6, 250, 10),
(7, 300, 12),
(8, 350, 14),
(9, 400, 16),
(10, 450, 18),
(11, 500, 20),
(12, 550, 22),
(13, 600, 24),
(14, 650, 26),
(15, 700, 28),
(16, 750, 30),
(17, 800, 32),
(18, 850, 34),
(19, 900, 36),
(20, 950, 38),
(21, 1000, 40),
(22, 1050, 42),
(23, 1100, 44),
(24, 1150, 46),
(25, 1200, 48),
(26, 1250, 50),
(27, 1300, 52),
(28, 1350, 54),
(29, 1400, 56),
(30, 1450, 58),
(31, 1500, 60),
(32, 1550, 62),
(33, 1600, 64),
(34, 1650, 66),
(35, 1700, 68),
(36, 1750, 70),
(37, 1800, 72),
(38, 1850, 74),
(39, 1900, 76),
(40, 1950, 78),
(41, 2000, 80),
(42, 2050, 82),
(43, 2100, 84),
(44, 2150, 86),
(45, 2200, 88),
(46, 2250, 90),
(47, 2300, 92),
(48, 2350, 94),
(49, 2400, 96),
(50, 2450, 98),
(51, 2500, 100),
(52, 2550, 102),
(53, 2600, 104),
(54, 2650, 106),
(55, 2700, 108),
(56, 2750, 110),
(57, 2800, 112),
(58, 2850, 114),
(59, 2900, 116),
(60, 2950, 118),
(61, 3000, 120),
(62, 3050, 122),
(63, 3100, 124),
(64, 3150, 126),
(65, 3200, 128),
(66, 3250, 130),
(67, 3300, 132),
(68, 3350, 134),
(69, 3400, 136),
(70, 3450, 138),
(71, 3500, 140),
(72, 3550, 142),
(73, 3600, 144),
(74, 3650, 146),
(75, 3700, 148),
(76, 3750, 150),
(77, 3800, 152),
(78, 3850, 154),
(79, 3900, 156),
(80, 3950, 158),
(81, 4000, 160),
(82, 4050, 162),
(83, 4100, 164),
(84, 4150, 166),
(85, 4200, 168),
(86, 4250, 170),
(87, 4300, 172),
(88, 4350, 174),
(89, 4400, 176),
(90, 4450, 178),
(91, 4500, 180),
(92, 4550, 182),
(93, 4600, 184),
(94, 4650, 186),
(95, 4700, 188),
(96, 4750, 190),
(97, 4800, 192),
(98, 4850, 194),
(99, 4900, 196),
(100, 4950, 198),
(101, 5000, 200);

-- --------------------------------------------------------

--
-- Tablo için tablo yapısı `internet`
--

DROP TABLE IF EXISTS `internet`;
CREATE TABLE IF NOT EXISTS `internet` (
  `i_id` int(11) NOT NULL AUTO_INCREMENT,
  `i_detail` int(11) NOT NULL,
  `i_price` int(11) NOT NULL,
  PRIMARY KEY (`i_id`)
) ENGINE=InnoDB AUTO_INCREMENT=12 DEFAULT CHARSET=utf8 COLLATE=utf8_turkish_ci;

--
-- Tablo döküm verisi `internet`
--

INSERT INTO `internet` (`i_id`, `i_detail`, `i_price`) VALUES
(1, 0, 0),
(2, 1000, 6),
(3, 2000, 12),
(4, 3000, 18),
(5, 4000, 24),
(6, 5000, 30),
(7, 6000, 36),
(8, 7000, 42),
(9, 8000, 48),
(10, 9000, 54),
(11, 10000, 60);

-- --------------------------------------------------------

--
-- Tablo için tablo yapısı `packet`
--

DROP TABLE IF EXISTS `packet`;
CREATE TABLE IF NOT EXISTS `packet` (
  `p_id` int(11) NOT NULL AUTO_INCREMENT,
  `d_id` int(11) DEFAULT NULL,
  `s_id` int(11) DEFAULT NULL,
  `i_id` int(11) DEFAULT NULL,
  `total_price` int(11) NOT NULL,
  PRIMARY KEY (`p_id`),
  KEY `d_id` (`d_id`),
  KEY `s_id` (`s_id`),
  KEY `i_id` (`i_id`)
) ENGINE=InnoDB AUTO_INCREMENT=219 DEFAULT CHARSET=utf8 COLLATE=utf8_turkish_ci;

--
-- Tablo döküm verisi `packet`
--

INSERT INTO `packet` (`p_id`, `d_id`, `s_id`, `i_id`, `total_price`) VALUES
(1, 68, 4, 10, 194),
(2, 78, 45, 9, 290),
(3, 38, 27, 3, 138),
(4, 22, 9, 8, 100),
(5, 84, 11, 3, 198),
(6, 96, 27, 1, 242),
(7, 98, 16, 6, 254),
(8, 71, 21, 5, 204),
(9, 41, 21, 1, 120),
(10, 32, 28, 1, 116),
(11, 75, 32, 7, 246),
(12, 96, 3, 5, 218),
(13, 79, 50, 11, 314),
(14, 38, 43, 5, 182),
(15, 84, 26, 11, 276),
(16, 23, 38, 5, 142),
(17, 89, 34, 2, 248),
(18, 19, 42, 7, 154),
(19, 92, 23, 6, 256),
(20, 32, 32, 3, 136),
(21, 10, 38, 3, 104),
(22, 27, 20, 3, 102),
(23, 12, 26, 7, 108),
(24, 52, 18, 7, 172),
(25, 35, 2, 5, 94),
(26, 66, 49, 7, 262),
(27, 13, 12, 2, 52),
(28, 60, 6, 5, 152),
(29, 3, 41, 3, 96),
(30, 87, 22, 7, 250),
(31, 9, 32, 6, 108),
(32, 84, 27, 4, 236),
(33, 6, 42, 1, 92),
(34, 96, 11, 5, 234),
(35, 67, 11, 9, 200),
(36, 1, 40, 2, 84),
(37, 84, 20, 5, 228),
(38, 43, 12, 10, 160),
(39, 100, 3, 2, 208),
(40, 42, 26, 8, 174),
(41, 26, 14, 5, 100),
(42, 33, 44, 4, 168),
(43, 75, 34, 7, 250),
(44, 84, 45, 9, 302),
(45, 76, 38, 10, 278),
(46, 20, 51, 4, 156),
(47, 7, 4, 7, 54),
(48, 54, 28, 11, 220),
(49, 21, 31, 9, 148),
(50, 5, 5, 5, 40),
(51, 64, 42, 11, 268),
(52, 30, 34, 5, 148),
(53, 4, 6, 10, 70),
(54, 43, 2, 3, 98),
(55, 59, 48, 2, 216),
(56, 42, 46, 6, 202),
(57, 14, 4, 3, 44),
(58, 36, 11, 1, 90),
(59, 58, 48, 1, 208),
(60, 67, 20, 5, 194),
(61, 95, 39, 7, 300),
(62, 37, 28, 8, 168),
(63, 78, 45, 2, 248),
(64, 33, 40, 7, 178),
(65, 33, 49, 2, 166),
(66, 50, 22, 6, 170),
(67, 83, 14, 2, 196),
(68, 18, 14, 11, 120),
(69, 71, 48, 6, 264),
(70, 27, 41, 2, 138),
(71, 90, 9, 8, 236),
(72, 51, 25, 4, 166),
(73, 100, 25, 9, 294),
(74, 73, 2, 10, 200),
(75, 63, 4, 6, 160),
(76, 9, 31, 5, 100),
(77, 60, 46, 7, 244),
(78, 39, 3, 8, 122),
(79, 19, 2, 1, 38),
(80, 21, 13, 11, 124),
(81, 41, 47, 3, 184),
(82, 29, 13, 7, 116),
(83, 23, 30, 4, 120),
(84, 66, 31, 11, 250),
(85, 85, 44, 4, 272),
(86, 97, 28, 7, 282),
(87, 92, 38, 7, 292),
(88, 70, 16, 10, 222),
(89, 82, 26, 11, 272),
(90, 44, 17, 10, 172),
(91, 90, 2, 10, 234),
(92, 11, 27, 9, 120),
(93, 72, 6, 10, 206),
(94, 24, 27, 2, 104),
(95, 32, 27, 6, 144),
(96, 19, 47, 3, 140),
(97, 46, 24, 2, 142),
(98, 42, 27, 10, 188),
(99, 87, 37, 5, 268),
(100, 72, 33, 3, 218),
(101, 46, 45, 5, 202),
(102, 49, 13, 8, 162),
(103, 66, 33, 1, 194),
(104, 98, 17, 4, 244),
(105, 61, 5, 11, 188),
(106, 49, 5, 10, 158),
(107, 38, 44, 3, 172),
(108, 73, 9, 6, 190),
(109, 31, 21, 4, 118),
(110, 96, 50, 4, 306),
(111, 18, 19, 5, 94),
(112, 27, 42, 4, 152),
(113, 49, 32, 8, 200),
(114, 90, 14, 3, 216),
(115, 71, 36, 7, 246),
(116, 38, 20, 10, 166),
(117, 53, 50, 8, 244),
(118, 87, 48, 4, 284),
(119, 12, 47, 11, 174),
(120, 34, 30, 6, 154),
(121, 36, 15, 7, 134),
(122, 90, 17, 1, 210),
(123, 8, 26, 7, 100),
(124, 94, 28, 6, 270),
(125, 37, 42, 11, 214),
(126, 50, 20, 1, 136),
(127, 75, 28, 10, 256),
(128, 44, 47, 3, 190),
(129, 48, 18, 11, 188),
(130, 72, 25, 7, 226),
(131, 78, 27, 7, 242),
(132, 64, 45, 9, 262),
(133, 8, 9, 3, 42),
(134, 8, 29, 7, 106),
(135, 31, 26, 4, 128),
(136, 81, 3, 8, 206),
(137, 8, 4, 11, 80),
(138, 64, 2, 3, 140),
(139, 1, 1, 10, 54),
(140, 74, 33, 10, 264),
(141, 91, 16, 9, 258),
(142, 89, 39, 4, 270),
(143, 4, 4, 8, 54),
(144, 70, 13, 1, 162),
(145, 44, 35, 11, 214),
(146, 89, 9, 2, 198),
(147, 5, 11, 8, 70),
(148, 49, 4, 1, 102),
(149, 9, 24, 11, 122),
(150, 15, 10, 6, 76),
(151, 21, 23, 2, 90),
(152, 37, 39, 7, 184),
(153, 78, 23, 1, 198),
(154, 72, 10, 7, 196),
(155, 15, 18, 2, 68),
(156, 13, 23, 7, 104),
(157, 91, 46, 11, 330),
(158, 12, 6, 3, 44),
(159, 5, 48, 1, 102),
(160, 5, 41, 8, 130),
(161, 36, 32, 8, 174),
(162, 39, 17, 9, 156),
(163, 56, 37, 8, 224),
(164, 93, 51, 9, 332),
(165, 58, 44, 11, 260),
(166, 5, 40, 11, 146),
(167, 83, 38, 6, 268),
(168, 2, 34, 5, 92),
(169, 44, 22, 10, 182),
(170, 15, 43, 1, 112),
(171, 52, 28, 5, 180),
(172, 12, 50, 8, 162),
(173, 37, 30, 3, 142),
(174, 20, 22, 9, 128),
(175, 79, 8, 9, 218),
(176, 51, 29, 2, 162),
(177, 26, 7, 1, 62),
(178, 24, 49, 6, 172),
(179, 28, 4, 7, 96),
(180, 97, 32, 9, 302),
(181, 53, 18, 2, 144),
(182, 81, 17, 11, 252),
(183, 16, 20, 3, 80),
(184, 77, 40, 1, 230),
(185, 7, 51, 5, 136),
(186, 93, 48, 6, 308),
(187, 9, 30, 7, 110),
(188, 71, 11, 2, 166),
(189, 30, 19, 9, 142),
(190, 12, 37, 10, 148),
(191, 23, 36, 1, 114),
(192, 5, 29, 5, 88),
(193, 12, 13, 3, 58),
(194, 44, 3, 4, 108),
(195, 22, 15, 7, 106),
(196, 59, 50, 1, 214),
(197, 95, 47, 6, 310),
(198, 40, 44, 7, 200),
(199, 22, 18, 6, 106),
(200, 61, 7, 6, 162),
(201, 77, 31, 1, 212),
(202, 76, 6, 1, 160),
(203, 78, 1, 1, 154),
(204, 14, 5, 3, 46),
(205, 97, 49, 2, 294),
(206, 83, 44, 2, 256),
(207, 80, 43, 2, 248),
(208, 82, 42, 3, 256),
(209, 88, 44, 3, 272),
(210, 83, 43, 2, 254),
(211, 85, 46, 2, 264),
(212, 101, 43, 2, 290),
(213, 9, 5, 10, 78),
(214, 17, 9, 10, 102),
(215, 52, 45, 8, 232),
(216, 99, 32, 11, 318),
(217, 48, 34, 9, 208),
(218, 83, 34, 8, 272);

-- --------------------------------------------------------

--
-- Tablo için tablo yapısı `sms`
--

DROP TABLE IF EXISTS `sms`;
CREATE TABLE IF NOT EXISTS `sms` (
  `s_id` int(11) NOT NULL AUTO_INCREMENT,
  `s_detail` int(11) NOT NULL,
  `s_price` int(11) NOT NULL,
  PRIMARY KEY (`s_id`)
) ENGINE=InnoDB AUTO_INCREMENT=52 DEFAULT CHARSET=utf8 COLLATE=utf8_turkish_ci;

--
-- Tablo döküm verisi `sms`
--

INSERT INTO `sms` (`s_id`, `s_detail`, `s_price`) VALUES
(1, 0, 0),
(2, 100, 2),
(3, 200, 4),
(4, 300, 6),
(5, 400, 8),
(6, 500, 10),
(7, 600, 12),
(8, 700, 14),
(9, 800, 16),
(10, 900, 18),
(11, 1000, 20),
(12, 1100, 22),
(13, 1200, 24),
(14, 1300, 26),
(15, 1400, 28),
(16, 1500, 30),
(17, 1600, 32),
(18, 1700, 34),
(19, 1800, 36),
(20, 1900, 38),
(21, 2000, 40),
(22, 2100, 42),
(23, 2200, 44),
(24, 2300, 46),
(25, 2400, 48),
(26, 2500, 50),
(27, 2600, 52),
(28, 2700, 54),
(29, 2800, 56),
(30, 2900, 58),
(31, 3000, 60),
(32, 3100, 62),
(33, 3200, 64),
(34, 3300, 66),
(35, 3400, 68),
(36, 3500, 70),
(37, 3600, 72),
(38, 3700, 74),
(39, 3800, 76),
(40, 3900, 78),
(41, 4000, 80),
(42, 4100, 82),
(43, 4200, 84),
(44, 4300, 86),
(45, 4400, 88),
(46, 4500, 90),
(47, 4600, 92),
(48, 4700, 94),
(49, 4800, 96),
(50, 4900, 98),
(51, 5000, 100);

-- --------------------------------------------------------

--
-- Tablo için tablo yapısı `users`
--

DROP TABLE IF EXISTS `users`;
CREATE TABLE IF NOT EXISTS `users` (
  `u_id` int(11) NOT NULL AUTO_INCREMENT,
  `u_ad` varchar(255) COLLATE utf8_turkish_ci NOT NULL,
  `u_soyad` varchar(255) COLLATE utf8_turkish_ci NOT NULL,
  `u_email` varchar(255) COLLATE utf8_turkish_ci NOT NULL,
  `u_sifre` varchar(255) COLLATE utf8_turkish_ci NOT NULL,
  `u_phone` varchar(255) COLLATE utf8_turkish_ci NOT NULL,
  `u_yas` date NOT NULL,
  `u_gender` varchar(255) COLLATE utf8_turkish_ci DEFAULT NULL,
  `u_il` varchar(255) COLLATE utf8_turkish_ci NOT NULL,
  `u_meslek` varchar(255) COLLATE utf8_turkish_ci NOT NULL,
  PRIMARY KEY (`u_id`)
) ENGINE=InnoDB AUTO_INCREMENT=205 DEFAULT CHARSET=utf8 COLLATE=utf8_turkish_ci;

--
-- Tablo döküm verisi `users`
--

INSERT INTO `users` (`u_id`, `u_ad`, `u_soyad`, `u_email`, `u_sifre`, `u_phone`, `u_yas`, `u_gender`, `u_il`, `u_meslek`) VALUES
(1, 'Ömer', 'Yüksel', 'yukselomer@example.com', 'HPZaNAYfiq', '+908516527029', '1997-08-07', 'erkek', 'Tunceli', 'Bilgisayarlı Sistemler Validasyon Uzmanı'),
(2, 'Ayça', 'Aslan', 'ayca_aslan@example.com', '5vkwhCseDP', '+908513243766', '1998-06-30', 'kadın', 'Osmaniye', 'Akredite Veteriner Hekim'),
(3, 'Osman', 'Keskin', 'osman_keskin327@example.com', 'oekE3h7RyA', '+908516249424', '1982-06-22', 'erkek', 'Van', 'Makinist'),
(4, 'Sevi̇lay', 'Şen', 'sevi̇lay_sen694@example.com', 'QMf7I8vzEt', '+908519896583', '1981-09-29', 'kadın', 'Samsun', 'Akreditasyon Müdürü'),
(5, 'Banu', 'Köse', 'kosebanu@example.com', 'GcAFUfTPCB', '+908517481304', '1995-06-03', 'kadın', 'Uşak', 'Akademik Danışman'),
(6, 'Arif', 'Özkan', 'arif_ozkan@example.com', '5I7Qwpjmqt', '+908513417872', '1977-03-21', 'erkek', 'Sivas', 'Aday Destek Uzmanı'),
(7, 'Aslı', 'Polat', 'polatasli@example.com', 'I7yjdOB83f', '+908517565380', '1986-08-04', 'kadın', 'Erzurum', 'Bilgisayar Mühendisi'),
(8, 'Diğdem', 'Şen', 'digdem_sen@example.com', 'PgCY2xJmcj', '+908517017455', '1981-07-16', 'kadın', 'Konya', 'İnternet Editörü'),
(9, 'Hülya', 'Aydın', 'aydinhulya324@example.com', 'Ep0ojT1ivW', '+908518249149', '1981-10-06', 'kadın', 'Antalya', 'Ahşap Restorasyon Şefi'),
(10, 'Buket', 'Aydın', 'aydinbuket169@example.com', '7kBEUwKo64', '+908512220192', '1981-09-09', 'kadın', 'Bartın', 'Aksesuar Elemanı'),
(11, 'Muhammet', 'Yıldız', 'yildizmuhammet@example.com', 'Z2HYiKGNew', '+908518759708', '1980-03-17', 'erkek', 'Sivas', 'Admin Yardımcısı'),
(12, 'Yakup', 'Çetin', 'yakup_cetin811@example.com', 'OIRCoykf43', '+908511533954', '1983-05-05', 'erkek', 'Bartın', 'İnternet Bankacılığı Uzmanı'),
(13, 'Onur', 'Bozkurt', 'bozkurtonur@example.com', 'KkULBZP1Y4', '+908516117430', '1984-03-15', 'erkek', 'Karabük', 'Teknisyen'),
(14, 'Ayten', 'Aksoy', 'ayten_aksoy@example.com', '0Q2kbut14C', '+908512461962', '1998-04-10', 'kadın', 'Denizli', 'İnternet Hizmetleri Uzmanı'),
(15, 'Recep', 'Doğan', 'doganrecep42@example.com', 'd2cTBFwpfv', '+908515986541', '1992-06-02', 'erkek', 'Şırnak', 'Bilgisayar İşletmeni'),
(16, 'Irem', 'Gül', 'irem_gul@example.com', 'CDMAGuZTor', '+908513967259', '1992-05-24', 'kadın', 'Kahramanmaraş', 'Web Pazarlama Uzmanı'),
(17, 'Ahmet', 'Şimşek', 'ahmet_simsek@example.com', 'ZVNAotvGXJ', '+908519878551', '1981-10-03', 'erkek', 'Bingöl', 'Uzman Bilgisayar Mühendisi'),
(18, 'Adem', 'Çakır', 'cakiradem225@example.com', '9b2dfGyuLx', '+908519912491', '1986-08-18', 'erkek', 'Erzincan', 'Ağ Kurulum Mühendisi'),
(19, 'Yaşar', 'Yalçın', 'yalcinyasar683@example.com', 'W27Lde5h0a', '+908516690775', '1979-05-04', 'erkek', 'Aydın', 'İnternet Kanalı Uzmanı'),
(20, 'Bekir', 'Polat', 'polatbekir@example.com', 'IDtgeQuhqU', '+908511558005', '1982-12-31', 'erkek', 'Yalova', 'Web Arayüz Geliştirici'),
(21, 'Seher', 'Çetin', 'seher_cetin@example.com', 'hlNMK0kJGZ', '+908512972536', '1988-11-25', 'kadın', 'Eskişehir', 'Web Geliştirme Uzmanı'),
(22, 'Uğur', 'Bozkurt', 'bozkurtugur940@example.com', '5bj6cfknLK', '+908513541694', '1978-02-26', 'erkek', 'Hatay', 'Web Tasarım Uzmanı'),
(23, 'Sevim', 'Çelik', 'celiksevim@example.com', '1OvHqBiApn', '+908511896570', '1989-01-02', 'kadın', 'Balıkesir', 'Yangın danışmanı'),
(24, 'İrem', 'Sarı', 'i̇rem_sari884@example.com', 'TjEoY4lcMn', '+908515978652', '1991-02-07', 'kadın', 'Ordu', 'Akademisyen Doktor'),
(25, 'Ayça', 'Çakır', 'cakirayca@example.com', 'xlGJu8e35n', '+908518961642', '1987-07-11', 'kadın', 'Muş', 'Öğretim yardımcısı'),
(26, 'Pınar', 'Yavuz', 'pinar_yavuz528@example.com', 'gFzPCaLWSi', '+908518395229', '1987-06-17', 'kadın', 'Hatay', 'Acil Servis Hemşiresi'),
(27, 'Musa', 'Çelik', 'musa_celik@example.com', 'Z5nS8VhXr1', '+908513432585', '1996-04-24', 'erkek', 'Konya', 'Acil Durum Koordinatörü'),
(28, 'Sedef', 'Avcı', 'sedef_avci@example.com', '1i6TxnZU8A', '+908513446213', '1989-07-10', 'kadın', 'Konya', 'Bilgisayarlı Sistemler Validasyon Uzmanı'),
(29, 'Öznur', 'Özer', 'oznur_ozer@example.com', 'saLrHnS1eK', '+908516321854', '1985-08-25', 'kadın', 'Diyarbakır', 'Web Tasarım Uzmanı'),
(30, 'Gaye', 'Çakır', 'cakirgaye@example.com', '7jPstGM9wI', '+908516298848', '1992-11-04', 'kadın', 'Aydın', 'Acil Tıp Uzmanı'),
(31, 'Ali', 'Bulut', 'ali_bulut@example.com', 'kRIVbhHZrw', '+908513881623', '1998-12-31', 'erkek', 'Adıyaman', 'Akreditasyon Takım Lideri'),
(32, 'Ali', 'Bulut', 'bulutali@example.com', 'QATOzBRng8', '+908519542353', '1983-03-21', 'erkek', 'Kütahya', 'Web Önyüz Geliştirme Uzmanı'),
(33, 'Çağla', 'Sarı', 'saricagla@example.com', 'H7vuMB5JwV', '+908512878468', '1981-06-29', 'kadın', 'Samsun', 'Ağ ve Siber Güvenlik Uzmanı'),
(34, 'Yılmaz', 'Yıldız', 'yildizyilmaz650@example.com', '2jqCbnuK3V', '+908515600973', '1988-06-04', 'erkek', 'Çanakkale', 'Web Proje Yöneticisi'),
(35, 'Abdullah', 'Korkmaz', 'abdullah_korkmaz@example.com', 's1IioDGeOR', '+908517260005', '1988-11-17', 'erkek', 'Kocaeli', 'Bilgisayar Teknikeri'),
(36, 'Bayram', 'Yıldız', 'yildizbayram@example.com', 'LbuEj2Vitf', '+908514517758', '1977-10-15', 'erkek', 'Kahramanmaraş', 'Adli Tıp Uzmanı'),
(37, 'Rukiye', 'Polat', 'rukiye_polat249@example.com', 'OfPAUQ9kB3', '+908517007642', '1992-01-10', 'kadın', 'Balıkesir', 'İnternet Hizmetleri Uzmanı'),
(38, 'Murat', 'Yalçın', 'murat_yalcin@example.com', 'JxpdZIj0yh', '+908517164170', '1996-07-16', 'erkek', 'Karabük', '3d Operatörü'),
(39, 'Çiğdem', 'Yalçın', 'cigdem_yalcin@example.com', 'zuUnOEN2Qe', '+908516726815', '1998-06-13', 'kadın', 'Burdur', 'Akredite Veteriner Hekim'),
(40, 'Şükrü', 'Kaplan', 'kaplansukru@example.com', '6KPNOmtceC', '+908517177432', '1989-01-17', 'erkek', 'Elazığ', 'Ajans Elemanı'),
(41, 'Rümeysa', 'Çelik', 'rumeysa_celik478@example.com', 'lbfSXJDOK5', '+908516900960', '1989-11-04', 'kadın', 'Trabzon', 'İnternet Kanal Yöneticisi'),
(42, 'Aleyna', 'Polat', 'polataleyna228@example.com', 'unkEDGFg5R', '+908517124116', '1982-06-10', 'kadın', 'Kastamonu', 'PHP Yazılım Uzmanı'),
(43, 'Şerife', 'Arslan', 'arslanserife@example.com', 'MUBKuLAXto', '+908511881062', '1980-01-10', 'kadın', 'Zonguldak', 'PHP Yazılım Uzmanı'),
(44, 'Nurbanu', 'Aslan', 'nurbanu_aslan@example.com', 'wO6RGmuXij', '+908519139362', '1994-05-20', 'kadın', 'Malatya', 'Ajans Direktörü'),
(45, 'Adem', 'Erdoğan', 'adem_erdogan@example.com', 'gatp6kSh0K', '+908519951807', '1992-01-24', 'erkek', 'Giresun', 'Aday Destek Uzmanı'),
(46, 'Selda', 'Çakır', 'selda_cakir284@example.com', 'p9ogX5fVw4', '+908511362956', '1986-09-22', 'kadın', 'Erzurum', 'Web Portal Yöneticisi'),
(47, 'Metin', 'Korkmaz', 'korkmazmetin@example.com', 'Gcw054aWUb', '+908518198405', '1996-01-31', 'erkek', 'Çankırı', 'Web Koordinatörü'),
(48, 'Yılmaz', 'Ünal', 'yilmaz_unal@example.com', 'g9foRSBhJP', '+908519395830', '1987-11-29', 'erkek', 'Trabzon', 'Öğretim yardımcısı'),
(49, 'Osman', 'Koç', 'kocosman@example.com', 'wYysu2WdtD', '+908513548336', '1997-02-27', 'erkek', 'İstanbul', 'Akreditasyon Müdürü'),
(50, 'Leyla', 'Sarı', 'leyla_sari30@example.com', 'y0rpZ2YiDS', '+908517886588', '1986-02-27', 'kadın', 'Gümüşhane', '3d Prodüksiyon Sorumlusu'),
(51, 'Banu', 'Ateş', 'banu_ates575@example.com', 'paqmEvswVD', '+908512410467', '1977-01-01', 'kadın', 'Kastamonu', 'Web Uygulama Uzmanı'),
(52, 'Furkan', 'Avcı', 'avcifurkan672@example.com', '1Vl5JFjCHm', '+908513388323', '1988-03-01', 'erkek', 'Van', 'Öğretim görevlisi'),
(53, 'Ömer', 'Özer', 'ozeromer644@example.com', 'pGg4v3qBW2', '+908512944996', '1994-12-26', 'erkek', 'Giresun', 'Adli Takip Elemanı'),
(54, 'Hülya', 'Aslan', 'aslanhulya686@example.com', 'rjxQVvApoi', '+908512749970', '1985-11-23', 'kadın', 'Bitlis', 'Ağ Mimarı'),
(55, 'Hilal', 'Keskin', 'keskinhilal@example.com', 'xSaInRu4Dz', '+908519822707', '1986-11-02', 'kadın', 'Çanakkale', 'Web Yazılım Uzmanı'),
(56, 'Ayhan', 'Şahin', 'ayhan_sahin@example.com', 'HWO2ioBNwD', '+908514113260', '1980-03-01', 'erkek', 'Sinop', 'Web Pazarlama Uzmanı'),
(57, 'Arif', '﻿Acar', '﻿acararif279@example.com', 'C3K67EUryY', '+908519996504', '1977-04-01', 'erkek', 'Antalya', 'Webhosting Uzmanı'),
(58, 'Muhammed', 'Aksoy', 'muhammed_aksoy608@example.com', '6IsTShXyHz', '+908518746006', '1998-10-21', 'erkek', 'İzmir', 'Aksesuar Araştırma Geliştirme'),
(59, 'Orhan', 'Güler', 'gulerorhan@example.com', 'aLdWnTrszP', '+908513310455', '1986-11-15', 'erkek', 'Sivas', 'Bilgisayar Eğitmeni'),
(60, 'Muhammed', 'Yüksel', 'muhammed_yuksel@example.com', 'ulSxzNBvwo', '+908515106746', '1990-11-15', 'erkek', 'İstanbul', 'Ahşap Restorasyon Şefi'),
(61, 'Yeşim', 'Şimşek', 'yesim_simsek761@example.com', '12gVlSJpHo', '+908513093271', '1977-05-20', 'kadın', 'Konya', 'Acil Servis Hemşiresi'),
(62, 'Sezen', 'Çakır', 'cakirsezen644@example.com', 'gvGb1QfE4i', '+908514554954', '1995-12-06', 'kadın', 'Erzurum', 'Akademik Personel'),
(63, 'Hasan', 'Kara', 'karahasan@example.com', 'n07NdOwl91', '+908519350285', '1988-09-17', 'erkek', 'Şanlıurfa', 'Aksesuar Araştırma Geliştirme'),
(64, 'Adem', 'Özdemir', 'adem_ozdemir946@example.com', 'naj9zcp5LW', '+908512903605', '1981-08-23', 'erkek', 'Muğla', 'Web Portal Yöneticisi'),
(65, 'Muhammet', 'Güler', 'gulermuhammet236@example.com', '0FWodhQmry', '+908519919404', '1982-06-13', 'erkek', 'Giresun', 'Akademik Koordinator'),
(66, 'Demet', 'Ünal', 'unaldemet497@example.com', 'CUjKSHeitx', '+908511483237', '1979-09-07', 'kadın', 'Ankara', 'Bilgisayar Montaj Elemanı'),
(67, 'Onur', 'Güneş', 'gunesonur673@example.com', 'nWLjKiPckC', '+908515043873', '1981-12-18', 'erkek', 'Elazığ', 'Akademik Personel'),
(68, 'Arzu', 'Yüksel', 'arzu_yuksel247@example.com', 'C0IwOmqv97', '+908515186497', '1997-10-22', 'kadın', 'Eskişehir', 'Bilgisayar Mühendisi'),
(69, 'Buse', 'Gül', 'gulbuse485@example.com', 'BSyns7ACZ1', '+908519106064', '1980-04-21', 'kadın', 'Manisa', 'Afet Koordinasyon Programcısı'),
(70, 'Cemal', 'Köse', 'cemal_kose181@example.com', '65WvGZofzi', '+908513763533', '1977-03-30', 'erkek', 'Ordu', 'Adli Tebligat Yazıcısı'),
(71, 'İlknur', 'Özcan', 'i̇lknur_ozcan636@example.com', '9yP6MtJxlr', '+908512708027', '1978-07-14', 'kadın', 'Antalya', 'Ağaç İşleri Mühendisi'),
(72, 'Yunus', 'Özdemir', 'ozdemiryunus@example.com', 's0mjgGdqXT', '+908513048759', '1997-06-10', 'erkek', 'Muş', '3D Modelleme Uzmanı'),
(73, 'Sinem', 'Yalçın', 'sinem_yalcin901@example.com', 'Rg01x6Ybmv', '+908516156631', '1985-06-03', 'kadın', 'Bilecik', 'Acil Servis Hekimi'),
(74, 'Gaye', 'Ateş', 'gaye_ates728@example.com', 'LhYfgC5wDl', '+908514865507', '1986-11-13', 'kadın', 'Malatya', 'Web Yönetmeni'),
(75, 'Aykut', 'Özer', 'aykut_ozer@example.com', 'EUcP8DbJFn', '+908513474649', '1995-09-16', 'erkek', 'Afyonkarahisar', 'Web Pazarlama Yöneticisi'),
(76, 'Kadir', 'Demir', 'kadir_demir@example.com', 'VtxDNipPch', '+908511597488', '1996-11-10', 'erkek', 'Kocaeli', 'Web Arayüz Tasarımcısı'),
(77, 'Halil', 'Aydın', 'aydinhalil831@example.com', '69zStYvRnp', '+908517663949', '1997-12-12', 'erkek', 'Sakarya', 'Ahm Operatörü'),
(78, 'Şaban', 'Kaya', 'kayasaban377@example.com', 'iMnZvCTeSF', '+908513358689', '1993-09-11', 'erkek', 'Diyarbakır', 'Web Programcısı'),
(79, 'Ahmet', 'Özkan', 'ozkanahmet293@example.com', 'w3VyWC4Dq1', '+908512602758', '1984-12-11', 'erkek', 'Kastamonu', 'PHP Yazılım Uzmanı'),
(80, 'Sude', 'Arslan', 'arslansude261@example.com', 'Qgn1uoHamV', '+908519685759', '1987-03-23', 'kadın', 'Kahramanmaraş', 'Aksesuar Satınalma Sorumlusu'),
(81, 'Buse', 'Yıldız', 'buse_yildiz565@example.com', '8TRCqBWDUd', '+908516093947', '1981-02-17', 'kadın', 'Tekirdağ', 'Acil Durum Koordinatörü'),
(82, 'Ahmet', 'Aslan', 'ahmet_aslan@example.com', 'zB16uGIejQ', '+908518591012', '1980-12-14', 'erkek', 'Iğdır', '3d Çizim Eğitmeni'),
(83, 'Abdullah', 'Şimşek', 'abdullah_simsek860@example.com', 'GOxYVctlMy', '+908519883044', '1979-05-20', 'erkek', 'Erzincan', 'Acil Servis Hekimi'),
(84, 'Musa', 'Şen', 'musa_sen@example.com', 'hLeHxIKXYk', '+908518133589', '1984-08-25', 'erkek', 'Düzce', 'Ağ Mimarı'),
(85, 'Esra', 'Özdemir', 'ozdemiresra@example.com', '9diE6CnUpP', '+908512016905', '1991-10-21', 'kadın', 'Kastamonu', 'Aerobik Eğitmeni'),
(86, 'Öznur', 'Şahin', 'oznur_sahin@example.com', 'yqeB47ckfR', '+908515906243', '1996-09-03', 'kadın', 'Hatay', 'Bilgisayar Teknikeri'),
(87, 'Yaşar', 'Güler', 'yasar_guler@example.com', 'HpvOlogz4X', '+908516198211', '1996-10-03', 'erkek', 'Çanakkale', 'Web Tasarım Eğitmeni'),
(88, 'Bayram', 'Çakır', 'cakirbayram@example.com', 'Gg48cPHIhf', '+908512529617', '1992-06-09', 'erkek', 'Afyonkarahisar', 'Aile Hekimi'),
(89, 'Çağla', 'Öztürk', 'ozturkcagla@example.com', 'DPLGV8iuw4', '+908516339869', '1988-05-24', 'kadın', 'Adana', 'Makinist'),
(90, 'Bayram', 'Korkmaz', 'bayram_korkmaz@example.com', '81mn6tiv43', '+908512298437', '1983-02-22', 'erkek', 'Antalya', 'Akademik Koordinator'),
(91, 'Fatih', 'Köse', 'fatih_kose@example.com', 'y7ZsX25YfF', '+908515657048', '1981-01-23', 'erkek', 'Sinop', 'Bilgisayar Teknikeri'),
(92, 'Demet', 'Aksoy', 'aksoydemet@example.com', 'DRPwu5MXEO', '+908516740699', '1977-09-12', 'kadın', 'Kayseri', '3d Uzmanı'),
(93, 'Rabia', 'Polat', 'rabia_polat@example.com', 'GIOiE7kjBF', '+908518887703', '1993-12-26', 'kadın', 'Trabzon', 'Bilgisayar İşletmeni'),
(94, 'Sinem', 'Aksoy', 'aksoysinem765@example.com', '8OpYcM1ZnK', '+908517863646', '1978-06-16', 'kadın', 'Ankara', 'Kurumsal Webhosting Takım Lideri'),
(95, 'Metin', 'Erdoğan', 'erdoganmetin987@example.com', '856Mbp2OdY', '+908517807557', '1986-08-12', 'erkek', 'Giresun', 'İnternet Bankacılığı Yöneticisi'),
(96, 'Çağla', 'Yıldız', 'yildizcagla@example.com', 'kNUATrzu3W', '+908513446026', '1979-01-05', 'kadın', 'Denizli', 'Aikido Eğitim Uzmanı'),
(97, 'Özlem', 'Köse', 'ozlem_kose@example.com', 'k43JoKHhAB', '+908514338518', '1994-05-02', 'kadın', 'Tokat', 'Acil Servis Şefi'),
(98, 'Melek', 'Şahin', 'melek_sahin763@example.com', 'hrXiAnwo8k', '+908515519893', '1977-11-18', 'kadın', 'Bursa', 'Web Tasarım Yöneticisi'),
(99, 'Mehmet', 'Ateş', 'mehmet_ates780@example.com', '0a9dAV25K4', '+908513633798', '1979-09-14', 'erkek', 'Kars', 'İnternet Bankacılığı Yetkilisi'),
(100, 'Filiz', 'Kurt', 'kurtfiliz252@example.com', 'jOxz50FhlC', '+908516037695', '1988-05-15', 'kadın', 'Eskişehir', 'İnternet Hizmetleri Yöneticisi'),
(101, 'Süleyman', 'Yıldız', 'suleyman_yildiz288@example.com', 'wBNPcCEIu1', '+908517496715', '1979-12-20', 'erkek', 'Osmaniye', 'Web Pazarlama Yöneticisi'),
(102, 'Tuğba', 'Yıldız', 'yildiztugba745@example.com', 'FZ5JDI3Tj4', '+908518924850', '1986-03-24', 'kadın', 'Batman', 'Web Arayüz Tasarımcısı'),
(103, 'Hakan', 'Şimşek', 'hakan_simsek@example.com', 'M2lWIbi9ra', '+908518806590', '1996-01-31', 'erkek', 'Elazığ', 'Ağ Yönetimi ve Güvenliği Müdürü'),
(104, 'Pınar', 'Yüksel', 'yukselpinar280@example.com', '9cuv6B0ESN', '+908514208751', '1998-11-29', 'kadın', 'Amasya', 'Acil Servis Şefi'),
(105, 'Yasemin', 'Korkmaz', 'yasemin_korkmaz30@example.com', '7PkWSipI5C', '+908519777480', '1993-04-24', 'kadın', 'Edirne', 'Web Yazılım Uzmanı'),
(106, 'Tuğba', 'Kaya', 'kayatugba235@example.com', 'jq8rCv1fGd', '+908517388502', '1988-07-12', 'kadın', 'Antalya', 'AIX Destek Uzmanı'),
(107, 'Özge', 'Yüksel', 'yukselozge117@example.com', 'X5f7tnAIHy', '+908518989638', '1987-01-29', 'kadın', 'Balıkesir', 'Web Arayüz Geliştirici'),
(108, 'Duygu', '﻿Acar', '﻿acarduygu860@example.com', 'TnQoWp4jJF', '+908518636774', '1993-01-31', 'kadın', 'Afyonkarahisar', 'Ağaç İşleri Endüstri Mühendisi'),
(109, 'Kadir', 'Güneş', 'guneskadir857@example.com', 'nJixurX5Ny', '+908513956806', '1990-11-03', 'erkek', 'İzmir', 'İnternet Editörü'),
(110, 'Rukiye', 'Yilmaz', 'yilmazrukiye46@example.com', 'Znx3KYQAHM', '+908517845482', '1992-03-22', 'kadın', 'Şırnak', 'Web Geliştirme Uzmanı'),
(111, 'Cemal', 'Avcı', 'cemal_avci@example.com', 'EOhkyDJPrL', '+908518585374', '1998-01-09', 'erkek', 'Balıkesir', 'Web Pazarlama Uzmanı'),
(112, 'Gül', 'Özcan', 'gul_ozcan305@example.com', 'lfSjOM1Qx6', '+908519372359', '1977-05-21', 'kadın', 'Eskişehir', 'Ahşap Ustası'),
(113, 'Müge', 'Yüksel', 'muge_yuksel@example.com', 'EdsXg2kTq7', '+908519277495', '1978-03-08', 'kadın', 'Rize', 'Web Uygulama Uzmanı'),
(114, 'Osman', 'Yalçın', 'osman_yalcin@example.com', '0K3sOiJMop', '+908518935777', '1977-01-31', 'erkek', 'Tunceli', 'Web Yazılım Uzmanı'),
(115, 'Tuğba', 'Aktaş', 'tugba_aktas574@example.com', 'kHYTjsNUKC', '+908518485728', '1980-01-06', 'kadın', 'Aydın', 'Araştırma görevlisi'),
(116, 'Gözde', 'Özdemir', 'ozdemirgozde@example.com', 'TiHg1swp03', '+908511162339', '1986-04-25', 'kadın', 'Kocaeli', 'Akademik Danışman'),
(117, 'Hale', 'Yavuz', 'yavuzhale@example.com', 'MmTwvSVGqE', '+908512630977', '1979-03-19', 'kadın', 'Antalya', 'Bilgisayar Destekli Mühendislik Sorumlusu'),
(118, 'Recep', 'Özcan', 'ozcanrecep@example.com', 'mkqEYH24Z7', '+908518822917', '1982-06-27', 'erkek', 'Kütahya', 'PHP Geliştirici'),
(119, 'Meral', 'Gül', 'gulmeral395@example.com', 'szbwuLB8jt', '+908518775724', '1979-01-28', 'kadın', 'Edirne', 'Akademik Danışman'),
(120, 'Furkan', 'Ünal', 'unalfurkan770@example.com', 'rusqEJDeZC', '+908516858706', '1990-11-29', 'erkek', 'Burdur', 'Akademisyen Doktor'),
(121, 'Selma', 'Polat', 'selma_polat831@example.com', 'Jy3Z5R2IBi', '+908518213568', '1988-07-24', 'kadın', 'Antalya', 'Acil Poliklinik Sorumlusu'),
(122, 'Yaşar', 'Köse', 'koseyasar@example.com', 'M0e4kNRqXw', '+908517331474', '1988-10-05', 'erkek', 'Şırnak', 'Akreditasyon Sorumlusu'),
(123, 'Recep', 'Çakır', 'cakirrecep351@example.com', 'qU0LNwjV51', '+908517690523', '1988-05-07', 'erkek', 'Malatya', 'İnternet Pazarlama Danışmanlığı'),
(124, 'Süleyman', 'Şen', 'sensuleyman@example.com', 'DJkqVKp3lt', '+908514082963', '1994-08-18', 'erkek', 'Muş', '3d Prodüksiyon Sorumlusu'),
(125, 'Emre', 'Yüksel', 'yukselemre544@example.com', 'uYNjMlrBc7', '+908519762128', '1985-01-01', 'erkek', 'Ankara', 'Bilgisayar Operatörü'),
(126, 'Sena', 'Kaplan', 'kaplansena@example.com', 'L3sHS1JCOm', '+908514358376', '1989-07-18', 'kadın', 'Muğla', 'Web Yayın Editörü'),
(127, 'Onur', 'Can', 'canonur911@example.com', 'koT2eNBKmp', '+908513576145', '1998-02-11', 'erkek', 'Zonguldak', 'Ahşap Doğrama Ustası'),
(128, 'Yaşar', 'Aktaş', 'aktasyasar@example.com', 'rBVytYhu6f', '+908519617846', '1998-05-06', 'erkek', 'Elazığ', 'Ahşap Montaj Elemanı'),
(129, 'Selda', 'Bulut', 'bulutselda193@example.com', 'kJbOxzf5MX', '+908513932366', '1985-11-12', 'kadın', 'Çorum', 'Kurumsal Web İletişim Uzmanı'),
(130, 'Aysel', 'Yıldırım', 'aysel_yildirim704@example.com', '298wJNzogL', '+908517307154', '1976-05-26', 'kadın', 'Sivas', 'Ağ Kurulum Mühendisi'),
(131, 'Öznur', 'Çetin', 'oznur_cetin104@example.com', 'kxCT4wj8K2', '+908515633206', '1981-12-21', 'kadın', 'Eskişehir', 'Acil Tıp Uzmanı'),
(132, 'Hakan', 'Arslan', 'arslanhakan919@example.com', 'hc2seoKGDp', '+908514310912', '1999-02-08', 'erkek', 'Konya', '3D Modelleme Uzmanı'),
(133, 'Yeşim', 'Yalçın', 'yalcinyesim@example.com', 'Qj5fIpORmc', '+908514803765', '1979-01-24', 'kadın', 'Ankara', 'Bilgisayar Öğretmeni'),
(134, 'Meral', 'Özcan', 'ozcanmeral@example.com', 'JidwechLt1', '+908518487067', '1977-12-21', 'kadın', 'Diyarbakır', 'Yangın danışmanı'),
(135, 'Seher', 'Kaplan', 'kaplanseher827@example.com', 'VhNACP4poi', '+908512311838', '1976-04-29', 'kadın', 'Antalya', 'Adli Takip Elemanı'),
(136, 'Bayram', 'Kaya', 'bayram_kaya@example.com', '7VYxNeAvSL', '+908515125870', '1986-07-14', 'erkek', 'Mardin', 'Web Yazılım Uzmanı'),
(137, 'Şevval', 'Erdoğan', 'sevval_erdogan@example.com', 'tbW4eZDnri', '+908511630881', '1978-07-26', 'kadın', 'Giresun', 'Akreditasyon Takım Lideri'),
(138, 'Fatih', 'Yalçın', 'fatih_yalcin449@example.com', 'r03SNeJgE4', '+908514577816', '1987-06-17', 'erkek', 'Hatay', 'Akreditasyon Müdürü'),
(139, 'Yılmaz', 'Kaya', 'yilmaz_kaya498@example.com', 'yRJAD5vShE', '+908513399887', '1981-07-14', 'erkek', 'Tunceli', 'Akredite Veteriner Hekim'),
(140, 'Fatih', 'Kara', 'karafatih837@example.com', 'wkMRBIvc1s', '+908516239092', '1982-07-22', 'erkek', 'Sakarya', '3d Tasarım Sorumlusu'),
(141, 'Kübra', 'Şimşek', 'kubra_simsek108@example.com', '2BuIO1qV5l', '+908512218837', '1989-10-29', 'kadın', 'İzmir', 'Web Proje Yöneticisi'),
(142, 'Mehmet', 'Yilmaz', 'mehmet_yilmaz285@example.com', '79dmqPYVht', '+908516122016', '1987-05-31', 'erkek', 'İzmir', 'Web Yazılım Uzmanı'),
(143, 'Filiz', 'Özer', 'filiz_ozer@example.com', 'VKbQTkp2s4', '+908513591779', '1997-07-31', 'kadın', 'Van', 'Web Portal Yöneticisi'),
(144, 'Melek', 'Keskin', 'melek_keskin716@example.com', '41pNRymJeh', '+908513217320', '1983-06-09', 'kadın', 'Tekirdağ', '3d Çizim Eğitmeni'),
(145, 'Hülya', 'Kaplan', 'kaplanhulya@example.com', 'AHolzseOpv', '+908517036002', '1987-08-23', 'kadın', 'Osmaniye', '3D Modelleme Uzmanı'),
(146, 'İlayda', 'Kılıç', 'kilici̇layda637@example.com', 'hB3CNHRbJw', '+908518532811', '1981-08-12', 'kadın', 'İzmir', 'Web Sitesi İçerik Yöneticisi'),
(147, 'Onur', 'Can', 'onur_can708@example.com', 'weZMg8ubU7', '+908514574633', '1992-11-20', 'erkek', 'Konya', 'Web Sitesi İçerik Yöneticisi'),
(148, 'Yılmaz', 'Şimşek', 'yilmaz_simsek157@example.com', 'niueJhD65W', '+908519211686', '1993-08-03', 'erkek', 'Artvin', 'Ajans Başkanı'),
(149, 'Melike', 'Yavuz', 'yavuzmelike858@example.com', 'd6Ly4NhBiC', '+908514973602', '1984-10-22', 'kadın', 'Trabzon', '3d Çizim Eğitmeni'),
(150, 'Ömer', 'Güneş', 'omer_gunes@example.com', 'whmsZnv50D', '+908514965465', '1977-11-01', 'erkek', 'Çanakkale', 'İnternet ve Mobil Bankacılık Yetkili Yardımcısı'),
(151, 'Mustafa', 'Erdoğan', 'mustafa_erdogan@example.com', 'fWu9Cci5tv', '+908515134309', '1986-08-07', 'erkek', 'Burdur', 'Web Geliştirme Uzmanı'),
(152, 'Yasin', 'Yıldız', 'yildizyasin@example.com', 'N1RUmpoitw', '+908514524851', '1995-12-13', 'erkek', 'Eskişehir', 'İnternet ve Mobil Bankacılık Yetkili Yardımcısı'),
(153, 'Sevim', 'Polat', 'polatsevim884@example.com', 'xlruSPpcai', '+908513946109', '1981-04-06', 'kadın', 'İzmir', 'Bilgisayar Eğitmeni'),
(154, 'Hilal', 'Bozkurt', 'bozkurthilal@example.com', 'RSbAQtx4HY', '+908513677716', '1997-01-23', 'kadın', 'Kırıkkale', 'Bilgisayar Eğitmeni'),
(155, 'Özlem', 'Yavuz', 'yavuzozlem127@example.com', 'QfiFCSdmBM', '+908519415878', '1984-12-10', 'kadın', 'Erzurum', 'Ağaç İşleri Mühendisi'),
(156, 'Nurbanu', 'Güler', 'gulernurbanu841@example.com', '1hcl2Ekmv3', '+908514247090', '1991-09-24', 'kadın', 'İstanbul', 'Acil Servis Sorumlu Hemşiresi'),
(157, 'Aysel', 'Aktaş', 'aktasaysel678@example.com', 'bhHkVSowt7', '+908516579150', '1991-09-10', 'kadın', 'Bingöl', 'Ağ Yönetimi ve Güvenliği Müdürü'),
(158, 'Fatih', 'Yavuz', 'fatih_yavuz146@example.com', 'zlGKFy7jea', '+908513262588', '1990-10-02', 'erkek', 'Rize', 'Adli Tebligat Yazıcısı'),
(159, 'Aleyna', 'Ateş', 'atesaleyna842@example.com', 'NVwy1rMPzR', '+908512029163', '1996-04-06', 'kadın', 'Tokat', 'Uzman Bilgisayar Mühendisi'),
(160, 'Musa', 'Çelik', 'celikmusa43@example.com', 'SoNZCJgEw6', '+908513706753', '1990-03-18', 'erkek', 'Kayseri', '3d Çizim Eğitmeni'),
(161, 'Halil', 'Bulut', 'buluthalil928@example.com', 'fHCJ2xwzlL', '+908519720359', '1996-08-16', 'erkek', 'Çanakkale', 'Öğretim üyesi'),
(162, 'Gamze', 'Güneş', 'gunesgamze@example.com', 'XWy3Tc2LMo', '+908519511417', '1984-04-16', 'kadın', 'Adıyaman', 'Araştırma görevlisi'),
(163, 'Müge', 'Arslan', 'arslanmuge@example.com', 'Tq8fxUwm6y', '+908516096827', '1992-01-04', 'kadın', 'İzmir', 'Ağaç İşleri Teknikeri'),
(164, 'Emre', 'Taş', 'emre_tas@example.com', 'lU29J01Wte', '+908512772048', '1986-05-31', 'erkek', 'Erzurum', 'Web Programcısı'),
(165, 'Ramazan', 'Kara', 'kararamazan502@example.com', 'HKBwgcWTlG', '+908519582973', '1988-06-09', 'erkek', 'Kahramanmaraş', 'Ağaç İşleri Mühendisi'),
(166, 'Uğur', 'Sarı', 'sariugur843@example.com', 'tAHzDeWxUR', '+908512917735', '1990-06-01', 'erkek', 'Erzincan', 'Makinist'),
(167, 'Hale', 'Kara', 'karahale@example.com', 'CkY2W64ePz', '+908519187620', '1985-07-31', 'kadın', 'Kayseri', 'Makinist'),
(168, 'Enes', 'Özer', 'enes_ozer403@example.com', 'h0KwrCOo8N', '+908513699981', '1998-05-24', 'erkek', 'Ankara', '3d Operatörü'),
(169, 'Aynur', 'Turan', 'aynur_turan@example.com', '0XV7L9x5nE', '+908516959197', '1982-10-11', 'kadın', 'Mersin', 'Web Tasarım Yöneticisi'),
(170, 'Yaşar', 'Turan', 'turanyasar@example.com', 'eDz5FsKcWY', '+908512392604', '1983-05-19', 'erkek', 'Bingöl', 'Ajans Başkanı'),
(171, 'Muhammet', '﻿Acar', '﻿acarmuhammet465@example.com', 'fKSoTUzAPX', '+908515034394', '1996-07-23', 'erkek', 'Antalya', '3d Uzmanı'),
(172, 'Irem', 'Özkan', 'ozkanirem@example.com', 'zxM0RhbBsL', '+908513378334', '1981-08-30', 'kadın', 'Uşak', 'Veteriner hekim'),
(173, 'Yağmur', 'Taş', 'yagmur_tas291@example.com', 'W5crLfmhpe', '+908514116287', '1998-04-26', 'kadın', 'Kırıkkale', 'İnternet Bankacılığı Yetkilisi'),
(174, 'Şükrü', 'Arslan', 'sukru_arslan730@example.com', 'hOsmSilf7B', '+908513460355', '1985-03-02', 'erkek', 'Çankırı', 'Acil Servis Şefi'),
(175, 'Aysima', 'Güneş', 'gunesaysima836@example.com', 'A1ILjK8F3U', '+908516804885', '1996-11-17', 'kadın', 'Muğla', 'Yardımcı doçent'),
(176, 'Gülşah', 'Kara', 'gulsah_kara218@example.com', 'lX1Uzhk0ac', '+908516872885', '1989-09-03', 'kadın', 'Antalya', 'Action Script Uzmanı'),
(177, 'Yaşar', 'Demir', 'yasar_demir@example.com', 'eJ8OKRf0DW', '+908511903066', '1989-11-01', 'erkek', 'Osmaniye', 'Web Sorumlusu'),
(178, 'Onur', 'Kılıç', 'onur_kilic@example.com', 'nC7APGQiuf', '+908519981765', '1977-11-21', 'erkek', 'Sinop', 'Alan uzmanı'),
(179, 'Adem', 'Sarı', 'adem_sari@example.com', 'x7eRTWody9', '+908512502483', '1979-08-04', 'erkek', 'Isparta', 'Ağaç İşleri Mühendisi'),
(180, 'Abdullah', 'Erdoğan', 'erdoganabdullah720@example.com', 'dC0ocp4qlX', '+908514186112', '1992-12-09', 'erkek', 'Bursa', 'İnternet Bankacılığı Uzmanı'),
(181, 'Mehmet', 'Özdemir', 'ozdemirmehmet920@example.com', 'K4XAudDNG9', '+908519303475', '1997-11-23', 'erkek', 'Bingöl', 'Akademik Personel'),
(182, 'Gizem', 'Şahin', 'sahingizem896@example.com', 'qRLudOYD6G', '+908511915570', '1991-02-19', 'kadın', 'Şanlıurfa', 'Ağ Yönetimi ve Güvenliği Müdürü'),
(183, 'Hakan', 'Korkmaz', 'korkmazhakan@example.com', 'e7uzG5ZTER', '+908515762708', '1993-11-07', 'erkek', 'Çankırı', 'Acil Tıp Uzmanı'),
(184, 'Fatih', 'Çakır', 'cakirfatih752@example.com', 'ME0tBYC6Pq', '+908513514935', '1979-01-10', 'erkek', 'Sinop', 'Ağ Mimarı'),
(185, 'Yaşar', 'Yilmaz', 'yilmazyasar@example.com', 'c6bxOLYEQz', '+908516400177', '1991-11-15', 'erkek', 'Konya', 'İnternet Kanalı Uzmanı'),
(186, 'Aslı', 'Ünal', 'asli_unal@example.com', 'LVgMtbW3za', '+908515556906', '1999-05-10', 'kadın', 'İstanbul', 'Web İletişim Sorumlusu'),
(187, 'Beste', 'Özer', 'beste_ozer@example.com', 'VYFDvdbqU1', '+908511393563', '1979-05-15', 'kadın', 'Muğla', 'Yangın danışmanı'),
(188, 'Ceren', 'Özdemir', 'ceren_ozdemir28@example.com', 'ToD6qmKuxe', '+908511627636', '1994-11-01', 'kadın', 'Balıkesir', 'İnternet Editörü'),
(189, 'Arif', 'Yıldırım', 'yildirimarif346@example.com', 'QBZGNHyP0I', '+908512387980', '1983-05-20', 'erkek', 'Şanlıurfa', 'Yardımcı doçent'),
(190, 'Müge', 'Kılıç', 'muge_kilic999@example.com', 'aioG5T01v4', '+908518990230', '1998-11-09', 'kadın', 'Kars', 'Admin Yardımcısı'),
(191, 'Meral', 'Keskin', 'keskinmeral@example.com', 'JmhZaRIogs', '+908516414953', '1980-09-12', 'kadın', 'Hatay', 'Aksesuar Depo Elemanı'),
(192, 'Cemal', 'Çetin', 'cetincemal442@example.com', 'QmD6WVItRM', '+908517954667', '1995-06-23', 'erkek', 'Konya', '3d Çizim Eğitmeni'),
(193, 'Ayhan', 'Özer', 'ayhan_ozer@example.com', '52DevqpIHb', '+908511227826', '1989-04-17', 'erkek', 'Konya', 'Adli Tebligat Yazıcısı'),
(194, 'Deniz', 'Kara', 'karadeniz868@example.com', '4DrNcLeiR1', '+908515551368', '1999-04-11', 'kadın', 'Afyonkarahisar', 'Aksesuar Satınalma Sorumlusu'),
(195, 'Furkan', 'Güler', 'furkan_guler@example.com', 'eZaWTpAbku', '+908513414363', '1984-04-08', 'erkek', 'Samsun', 'Acil Durum Koordinatörü'),
(196, 'Yusuf', 'Avcı', 'avciyusuf411@example.com', 'NibJkyrRwZ', '+908517910734', '1986-08-07', 'erkek', 'Samsun', 'Akreditasyon Sorumlusu'),
(197, 'Hasan', 'Köse', 'kosehasan@example.com', 'n2f5AWBec6', '+908516414570', '1980-05-31', 'erkek', 'Çorum', '3D Kalite Operatörü'),
(198, 'Ezgi', 'Kara', 'karaezgi732@example.com', 'FDjagWhqGS', '+908517430167', '1994-09-21', 'kadın', 'Tunceli', 'Web Uygulama Uzmanı'),
(199, 'Yasin', 'Kaya', 'kayayasin805@example.com', 'Mbr1pfHwe3', '+908513396446', '1987-09-01', 'erkek', 'Sivas', 'Acil Müdahale Teknikeri'),
(200, 'Fatih', 'Ateş', 'atesfatih@example.com', 'xyFOYUnh5C', '+908512779539', '1985-06-26', 'erkek', 'Çanakkale', 'Aksesuar Satınalma Sorumlusu'),
(201, 'Can ', 'Aydın', 'can_aydın@gmail.com', '12345', '905079896521', '1990-06-16', 'erkek', 'Osmaniye', 'Akademisyen'),
(202, 'tolga', 'celik', 'tolga1234@gmail.com', 'sadfgh', '0905356521542', '1998-01-02', 'erkek', 'Bilecik', 'Yazılımcı'),
(203, 'bilal', 'ırmak', 'bll@gmail.com', '1234', '5078884445', '1997-01-01', 'erkek', 'Mersin', 'Yazılımcı'),
(204, 'Kazım', 'Madan', 'kazım35@gmail.com', 'kzm35', '5077555555', '1995-02-03', 'erkek', 'İzmir', 'Yazılımcı');

-- --------------------------------------------------------

--
-- Tablo için tablo yapısı `user_packet`
--

DROP TABLE IF EXISTS `user_packet`;
CREATE TABLE IF NOT EXISTS `user_packet` (
  `u_id` int(11) NOT NULL,
  `p_id` int(11) NOT NULL,
  `up_time` timestamp NOT NULL DEFAULT CURRENT_TIMESTAMP,
  KEY `u_id` (`u_id`),
  KEY `p_id` (`p_id`),
  KEY `u_id_2` (`u_id`)
) ENGINE=InnoDB DEFAULT CHARSET=utf8 COLLATE=utf8_turkish_ci;

--
-- Tablo döküm verisi `user_packet`
--

INSERT INTO `user_packet` (`u_id`, `p_id`, `up_time`) VALUES
(1, 80, '2019-05-27 22:21:45'),
(2, 2, '2019-04-22 07:59:13'),
(3, 43, '2019-05-22 14:26:48'),
(4, 37, '2019-05-01 17:35:25'),
(5, 37, '2019-05-06 14:06:51'),
(6, 6, '2019-03-18 16:28:17'),
(7, 199, '2019-05-04 13:20:54'),
(8, 136, '2019-05-04 12:25:16'),
(9, 45, '2019-05-14 06:26:46'),
(10, 199, '2019-05-17 06:24:26'),
(11, 65, '2019-05-07 03:33:49'),
(12, 23, '2019-05-15 16:38:10'),
(13, 71, '2019-05-24 17:57:23'),
(14, 136, '2019-05-14 22:22:40'),
(15, 199, '2019-05-28 01:19:08'),
(16, 13, '2019-05-16 17:44:12'),
(17, 11, '2019-05-01 18:55:44'),
(18, 121, '2019-05-30 09:21:01'),
(19, 71, '2019-05-12 03:08:59'),
(20, 88, '2019-05-02 17:05:09'),
(21, 65, '2019-05-27 13:36:31'),
(22, 121, '2019-05-13 05:57:27'),
(23, 43, '2019-05-15 07:38:03'),
(24, 199, '2019-05-21 17:54:04'),
(25, 13, '2019-05-11 00:48:13'),
(26, 69, '2019-05-25 09:15:34'),
(27, 65, '2019-05-14 06:03:40'),
(28, 69, '2019-05-06 21:14:01'),
(29, 31, '2019-05-08 06:41:53'),
(30, 69, '2019-05-10 23:23:08'),
(31, 23, '2019-05-05 12:41:54'),
(32, 88, '2019-05-17 09:45:38'),
(33, 114, '2019-05-19 08:40:42'),
(34, 80, '2019-05-21 15:22:52'),
(35, 114, '2019-05-17 00:21:29'),
(36, 23, '2019-05-04 14:39:02'),
(37, 43, '2019-05-26 01:05:37'),
(38, 199, '2019-05-21 05:22:21'),
(39, 80, '2019-05-18 13:30:46'),
(40, 71, '2019-05-11 19:54:12'),
(41, 121, '2019-05-15 20:38:38'),
(42, 13, '2019-05-24 21:35:01'),
(43, 114, '2019-05-06 14:55:57'),
(44, 20, '2019-05-03 15:24:35'),
(45, 11, '2019-05-20 07:49:08'),
(46, 136, '2019-05-03 23:13:28'),
(47, 114, '2019-05-23 12:10:09'),
(48, 65, '2019-05-07 09:41:11'),
(49, 88, '2019-05-20 01:07:33'),
(50, 37, '2019-05-02 15:07:26'),
(51, 6, '2019-05-09 14:38:31'),
(52, 43, '2019-05-14 09:30:43'),
(53, 114, '2019-05-04 16:35:03'),
(54, 23, '2019-05-10 18:19:49'),
(55, 69, '2019-05-18 13:31:23'),
(56, 23, '2019-05-11 17:03:27'),
(57, 136, '2019-05-27 19:31:01'),
(58, 82, '2019-05-30 03:31:52'),
(59, 114, '2019-05-08 01:06:08'),
(60, 13, '2019-05-24 03:51:33'),
(61, 13, '2019-05-24 13:45:54'),
(62, 20, '2019-05-04 01:35:29'),
(63, 136, '2019-05-28 12:04:53'),
(64, 62, '2019-05-19 20:14:14'),
(65, 13, '2019-05-11 20:53:59'),
(66, 66, '2019-03-24 07:37:49'),
(67, 88, '2019-05-01 20:15:51'),
(68, 65, '2019-05-04 16:47:21'),
(69, 136, '2019-05-09 17:05:05'),
(70, 11, '2019-05-08 17:01:44'),
(71, 121, '2019-05-29 21:24:36'),
(72, 45, '2019-05-13 08:30:03'),
(73, 43, '2019-05-23 17:52:34'),
(74, 37, '2019-05-06 10:19:18'),
(75, 45, '2019-05-08 20:05:05'),
(76, 114, '2019-05-23 14:08:16'),
(77, 6, '2019-05-19 02:03:53'),
(78, 199, '2019-05-13 02:06:06'),
(79, 23, '2019-05-28 09:29:36'),
(80, 45, '2019-05-11 11:49:13'),
(81, 45, '2019-05-05 22:57:45'),
(82, 11, '2019-05-26 15:44:04'),
(83, 114, '2019-05-19 05:49:46'),
(84, 69, '2019-05-10 23:58:56'),
(85, 6, '2019-05-04 17:07:05'),
(86, 43, '2019-05-07 17:22:59'),
(87, 71, '2019-05-10 19:13:28'),
(88, 121, '2019-05-30 00:03:56'),
(89, 31, '2019-05-18 10:02:50'),
(90, 6, '2019-05-30 16:46:50'),
(91, 23, '2019-05-25 13:02:50'),
(92, 62, '2019-05-11 15:54:26'),
(93, 6, '2019-05-29 03:20:18'),
(94, 6, '2019-05-11 06:54:59'),
(95, 114, '2019-05-12 05:46:40'),
(96, 80, '2019-05-11 20:13:49'),
(97, 37, '2019-05-23 12:10:56'),
(98, 121, '2019-05-23 09:18:24'),
(99, 23, '2019-05-11 10:18:47'),
(100, 69, '2019-05-16 11:36:30'),
(101, 65, '2019-05-08 15:58:22'),
(102, 13, '2019-05-20 22:48:12'),
(103, 136, '2019-05-16 20:53:41'),
(104, 20, '2019-05-23 11:09:04'),
(105, 37, '2019-05-28 06:37:50'),
(106, 199, '2019-05-14 10:32:29'),
(107, 114, '2019-05-15 11:26:48'),
(108, 88, '2019-05-20 18:26:49'),
(109, 80, '2019-05-19 21:14:42'),
(110, 37, '2019-05-21 15:05:24'),
(111, 121, '2019-05-06 12:04:12'),
(112, 71, '2019-05-22 09:02:51'),
(113, 11, '2019-05-27 08:17:55'),
(114, 43, '2019-05-07 15:01:11'),
(115, 13, '2019-05-22 15:21:04'),
(116, 62, '2019-05-27 12:16:48'),
(117, 11, '2019-05-16 06:18:47'),
(118, 62, '2019-05-23 22:28:18'),
(119, 80, '2019-05-19 19:42:31'),
(120, 31, '2019-05-20 16:19:02'),
(121, 6, '2019-05-26 07:17:15'),
(122, 31, '2019-05-27 16:57:56'),
(123, 69, '2019-05-13 19:50:52'),
(124, 20, '2019-05-05 08:36:41'),
(125, 121, '2019-05-17 19:39:47'),
(126, 136, '2019-05-14 00:43:28'),
(127, 127, '2019-03-01 16:57:38'),
(128, 45, '2019-05-07 17:15:09'),
(129, 121, '2019-05-14 14:44:10'),
(130, 69, '2019-05-14 12:11:38'),
(131, 69, '2019-05-01 02:40:41'),
(132, 88, '2019-05-17 00:51:45'),
(133, 71, '2019-05-17 02:48:39'),
(134, 23, '2019-05-27 14:01:07'),
(135, 31, '2019-05-09 13:31:59'),
(136, 23, '2019-05-20 07:02:14'),
(137, 71, '2019-05-13 13:43:36'),
(138, 37, '2019-05-03 23:26:40'),
(139, 45, '2019-05-30 09:39:57'),
(140, 62, '2019-05-10 14:02:36'),
(141, 80, '2019-05-12 11:59:11'),
(142, 13, '2019-05-26 06:34:19'),
(143, 43, '2019-05-29 19:58:27'),
(144, 199, '2019-05-15 03:28:04'),
(145, 31, '2019-05-24 07:45:52'),
(146, 23, '2019-05-27 23:47:49'),
(147, 88, '2019-05-02 08:47:34'),
(148, 6, '2019-05-02 11:33:22'),
(149, 80, '2019-05-27 00:49:43'),
(150, 71, '2019-05-19 06:08:43'),
(151, 37, '2019-05-14 20:02:56'),
(152, 65, '2019-05-17 16:24:56'),
(153, 37, '2019-05-13 07:59:06'),
(154, 43, '2019-05-18 15:15:48'),
(155, 11, '2019-05-11 03:58:18'),
(156, 62, '2019-05-10 05:08:43'),
(157, 23, '2019-05-19 11:38:25'),
(158, 37, '2019-05-18 19:44:49'),
(159, 69, '2019-05-14 20:32:36'),
(160, 20, '2019-05-19 05:12:23'),
(161, 31, '2019-05-21 11:17:38'),
(162, 136, '2019-05-12 16:24:15'),
(163, 121, '2019-05-23 18:12:17'),
(164, 43, '2019-05-21 16:06:53'),
(165, 114, '2019-05-08 20:30:40'),
(166, 13, '2019-05-13 08:55:50'),
(167, 69, '2019-05-29 21:24:59'),
(168, 80, '2019-05-05 10:39:33'),
(169, 65, '2019-05-06 20:48:09'),
(170, 114, '2019-05-12 12:43:55'),
(171, 114, '2019-05-24 22:26:59'),
(172, 172, '2019-04-23 01:49:07'),
(173, 62, '2019-05-14 16:46:32'),
(174, 71, '2019-05-14 15:38:29'),
(175, 31, '2019-05-08 23:26:22'),
(176, 6, '2019-05-22 01:33:11'),
(177, 23, '2019-05-04 02:30:01'),
(178, 136, '2019-05-26 18:49:18'),
(179, 88, '2019-05-16 07:55:11'),
(180, 37, '2019-05-29 18:34:16'),
(181, 31, '2019-05-14 08:53:13'),
(182, 13, '2019-05-18 21:14:38'),
(183, 45, '2019-05-01 15:31:57'),
(184, 69, '2019-05-19 04:41:26'),
(185, 11, '2019-05-02 04:23:11'),
(186, 136, '2019-05-19 19:59:16'),
(187, 43, '2019-05-13 21:03:26'),
(188, 37, '2019-05-03 03:51:45'),
(189, 13, '2019-05-29 08:38:01'),
(190, 20, '2019-05-25 21:17:44'),
(191, 114, '2019-05-20 11:31:39'),
(192, 45, '2019-05-17 11:24:11'),
(193, 37, '2019-05-10 02:57:44'),
(194, 62, '2019-05-09 22:22:34'),
(195, 11, '2019-05-30 14:32:52'),
(196, 43, '2019-05-10 17:17:28'),
(197, 45, '2019-05-16 06:48:44'),
(198, 88, '2019-05-01 17:01:13'),
(199, 6, '2019-05-13 21:22:35'),
(200, 65, '2019-05-27 06:03:57'),
(1, 80, '2019-05-27 22:21:45'),
(3, 43, '2019-05-22 14:26:48'),
(4, 37, '2019-05-01 17:35:25'),
(5, 37, '2019-05-06 14:06:51'),
(7, 199, '2019-05-04 13:20:54'),
(8, 136, '2019-05-04 12:25:16'),
(9, 45, '2019-05-14 06:26:46'),
(12, 23, '2019-05-15 16:38:10'),
(13, 71, '2019-05-24 17:57:23'),
(15, 199, '2019-05-28 01:19:08'),
(17, 11, '2019-05-01 18:55:44'),
(19, 71, '2019-05-12 03:08:59'),
(20, 88, '2019-05-02 17:05:09'),
(21, 65, '2019-05-27 13:36:31'),
(23, 43, '2019-05-15 07:38:03'),
(25, 13, '2019-05-11 00:48:13'),
(27, 65, '2019-05-14 06:03:40'),
(28, 69, '2019-05-06 21:14:01'),
(29, 31, '2019-05-08 06:41:53'),
(30, 69, '2019-05-10 23:23:08'),
(31, 23, '2019-05-05 12:41:54'),
(33, 114, '2019-05-19 08:40:42'),
(36, 23, '2019-05-04 14:39:02'),
(37, 43, '2019-05-26 01:05:37'),
(38, 199, '2019-05-21 05:22:21'),
(40, 71, '2019-05-11 19:54:12'),
(41, 121, '2019-05-15 20:38:38'),
(42, 13, '2019-05-24 21:35:01'),
(43, 114, '2019-05-06 14:55:57'),
(44, 20, '2019-05-03 15:24:35'),
(46, 136, '2019-05-03 23:13:28'),
(47, 114, '2019-05-23 12:10:09'),
(48, 65, '2019-05-07 09:41:11'),
(50, 37, '2019-05-02 15:07:26'),
(52, 43, '2019-05-14 09:30:43'),
(55, 69, '2019-05-18 13:31:23'),
(57, 136, '2019-05-27 19:31:01'),
(58, 82, '2019-05-30 03:31:52'),
(59, 114, '2019-05-08 01:06:08'),
(60, 13, '2019-05-24 03:51:33'),
(61, 13, '2019-05-24 13:45:54'),
(62, 20, '2019-05-04 01:35:29'),
(63, 136, '2019-05-28 12:04:53'),
(65, 13, '2019-05-11 20:53:59'),
(67, 88, '2019-05-01 20:15:51'),
(68, 65, '2019-05-04 16:47:21'),
(70, 11, '2019-05-08 17:01:44'),
(73, 43, '2019-05-23 17:52:34'),
(74, 37, '2019-05-06 10:19:18'),
(75, 45, '2019-05-08 20:05:05'),
(77, 6, '2019-05-19 02:03:53'),
(79, 23, '2019-05-28 09:29:36'),
(80, 45, '2019-05-11 11:49:13'),
(81, 45, '2019-05-05 22:57:45'),
(82, 11, '2019-05-26 15:44:04'),
(84, 69, '2019-05-10 23:58:56'),
(85, 6, '2019-05-04 17:07:05'),
(86, 43, '2019-05-07 17:22:59'),
(87, 71, '2019-05-10 19:13:28'),
(88, 121, '2019-05-30 00:03:56'),
(89, 31, '2019-05-18 10:02:50'),
(90, 6, '2019-05-30 16:46:50'),
(91, 23, '2019-05-25 13:02:50'),
(92, 62, '2019-05-11 15:54:26'),
(94, 6, '2019-05-11 06:54:59'),
(97, 37, '2019-05-23 12:10:56'),
(98, 121, '2019-05-23 09:18:24'),
(99, 23, '2019-05-11 10:18:47'),
(100, 69, '2019-05-16 11:36:30'),
(101, 65, '2019-05-08 15:58:22'),
(105, 37, '2019-05-28 06:37:50'),
(107, 114, '2019-05-15 11:26:48'),
(108, 88, '2019-05-20 18:26:49'),
(109, 80, '2019-05-19 21:14:42'),
(110, 37, '2019-05-21 15:05:24'),
(112, 71, '2019-05-22 09:02:51'),
(113, 11, '2019-05-27 08:17:55'),
(115, 13, '2019-05-22 15:21:04'),
(116, 62, '2019-05-27 12:16:48'),
(117, 11, '2019-05-16 06:18:47'),
(118, 62, '2019-05-23 22:28:18'),
(120, 31, '2019-05-20 16:19:02'),
(121, 6, '2019-05-26 07:17:15'),
(122, 31, '2019-05-27 16:57:56'),
(123, 69, '2019-05-13 19:50:52'),
(124, 20, '2019-05-05 08:36:41'),
(126, 136, '2019-05-14 00:43:28'),
(128, 45, '2019-05-07 17:15:09'),
(129, 121, '2019-05-14 14:44:10'),
(130, 69, '2019-05-14 12:11:38'),
(131, 69, '2019-05-01 02:40:41'),
(132, 88, '2019-05-17 00:51:45'),
(134, 23, '2019-05-27 14:01:07'),
(135, 31, '2019-05-09 13:31:59'),
(137, 71, '2019-05-13 13:43:36'),
(140, 62, '2019-05-10 14:02:36'),
(141, 80, '2019-05-12 11:59:11'),
(142, 13, '2019-05-26 06:34:19'),
(143, 43, '2019-05-29 19:58:27'),
(144, 199, '2019-05-15 03:28:04'),
(148, 6, '2019-05-02 11:33:22'),
(149, 80, '2019-05-27 00:49:43'),
(151, 37, '2019-05-14 20:02:56'),
(152, 65, '2019-05-17 16:24:56'),
(153, 37, '2019-05-13 07:59:06'),
(154, 43, '2019-05-18 15:15:48'),
(155, 11, '2019-05-11 03:58:18'),
(159, 69, '2019-05-14 20:32:36'),
(160, 20, '2019-05-19 05:12:23'),
(161, 31, '2019-05-21 11:17:38'),
(162, 136, '2019-05-12 16:24:15'),
(164, 43, '2019-05-21 16:06:53'),
(165, 114, '2019-05-08 20:30:40'),
(166, 13, '2019-05-13 08:55:50'),
(167, 69, '2019-05-29 21:24:59'),
(169, 65, '2019-05-06 20:48:09'),
(170, 114, '2019-05-12 12:43:55'),
(174, 71, '2019-05-14 15:38:29'),
(180, 37, '2019-05-29 18:34:16'),
(181, 31, '2019-05-14 08:53:13'),
(182, 13, '2019-05-18 21:14:38'),
(185, 11, '2019-05-02 04:23:11'),
(186, 136, '2019-05-19 19:59:16'),
(187, 43, '2019-05-13 21:03:26'),
(188, 37, '2019-05-03 03:51:45'),
(189, 13, '2019-05-29 08:38:01'),
(190, 20, '2019-05-25 21:17:44'),
(191, 114, '2019-05-20 11:31:39'),
(193, 37, '2019-05-10 02:57:44'),
(194, 62, '2019-05-09 22:22:34'),
(195, 11, '2019-05-30 14:32:52'),
(198, 88, '2019-05-01 17:01:13'),
(199, 6, '2019-05-13 21:22:35'),
(200, 65, '2019-05-27 06:03:57'),
(2, 201, '2019-05-24 18:04:45'),
(2, 202, '2019-05-24 18:05:10'),
(2, 203, '2019-05-24 18:06:11'),
(203, 204, '2019-05-27 13:34:19'),
(203, 43, '2019-05-27 13:35:18'),
(203, 43, '2019-05-27 17:16:26'),
(203, 37, '2019-05-27 17:17:17'),
(203, 37, '2019-05-27 17:17:42'),
(203, 43, '2019-05-27 17:18:35'),
(203, 69, '2019-05-27 17:19:17'),
(39, 205, '2019-05-27 17:20:54'),
(39, 206, '2019-05-27 17:22:35'),
(39, 207, '2019-05-27 17:22:54'),
(39, 208, '2019-05-27 17:23:19'),
(39, 209, '2019-05-27 17:24:48'),
(39, 210, '2019-05-27 17:26:18'),
(39, 211, '2019-05-27 17:26:54'),
(39, 212, '2019-05-27 17:27:18'),
(203, 213, '2019-05-27 23:13:24'),
(203, 214, '2019-05-27 23:14:15'),
(203, 215, '2019-05-28 10:09:13'),
(203, 216, '2019-05-28 10:09:36'),
(203, 217, '2019-05-31 14:26:23'),
(203, 218, '2019-05-31 14:39:15');

--
-- Dökümü yapılmış tablolar için kısıtlamalar
--

--
-- Tablo kısıtlamaları `packet`
--
ALTER TABLE `packet`
  ADD CONSTRAINT `packet_ibfk_4` FOREIGN KEY (`s_id`) REFERENCES `sms` (`s_id`) ON DELETE CASCADE ON UPDATE CASCADE,
  ADD CONSTRAINT `packet_ibfk_5` FOREIGN KEY (`d_id`) REFERENCES `dakika` (`d_id`) ON DELETE CASCADE ON UPDATE CASCADE,
  ADD CONSTRAINT `packet_ibfk_6` FOREIGN KEY (`i_id`) REFERENCES `internet` (`i_id`) ON DELETE CASCADE ON UPDATE CASCADE;

--
-- Tablo kısıtlamaları `user_packet`
--
ALTER TABLE `user_packet`
  ADD CONSTRAINT `user_packet_ibfk_2` FOREIGN KEY (`p_id`) REFERENCES `packet` (`p_id`) ON DELETE CASCADE ON UPDATE CASCADE,
  ADD CONSTRAINT `user_packet_ibfk_3` FOREIGN KEY (`u_id`) REFERENCES `users` (`u_id`) ON DELETE CASCADE ON UPDATE CASCADE;
COMMIT;

/*!40101 SET CHARACTER_SET_CLIENT=@OLD_CHARACTER_SET_CLIENT */;
/*!40101 SET CHARACTER_SET_RESULTS=@OLD_CHARACTER_SET_RESULTS */;
/*!40101 SET COLLATION_CONNECTION=@OLD_COLLATION_CONNECTION */;
